{"global_step": 707500, "_timestamp": 1707235935.1569817, "rollout/ep_len_mean": 6.829999923706055, "rollout/ep_rew_mean": -0.5493386387825012, "time/fps": 400.0, "train/entropy_loss": -3.45515775680542, "train/explained_variance": -0.6479499340057373, "train/learning_rate": 0.000699999975040555, "train/policy_loss": -0.7767395973205566, "train/std": 0.450471967458725, "train/value_loss": 0.04297938197851181, "_runtime": 2132.81325674057, "_step": 1414}