{"global_step": 500, "_timestamp": 1708168793.6635466, "rollout/ep_len_mean": 45.099998474121094, "rollout/ep_rew_mean": -8.848590850830078, "time/fps": 373.0, "train/entropy_loss": -9.9891939163208, "train/explained_variance": -1.0714008808135986, "train/learning_rate": 0.000699999975040555, "train/policy_loss": -8.578611373901367, "train/std": 1.0078948736190796, "train/value_loss": 0.7708491086959839, "_runtime": 3.6509134769439697, "_step": 0, "_wandb": {"runtime": 162}}