{"global_step": 499500, "_timestamp": 1708170493.4953136, "rollout/ep_len_mean": 9.229999542236328, "rollout/ep_rew_mean": -0.7536131143569946, "time/fps": 366.0, "train/entropy_loss": -5.278160572052002, "train/explained_variance": 0.22545534372329712, "train/learning_rate": 0.000699999975040555, "train/policy_loss": 1.5754809379577637, "train/std": 0.5710861682891846, "train/value_loss": 0.2471887767314911, "_runtime": 1364.3859906196594, "_step": 998, "_wandb": {"runtime": 1515}}