{"global_step": 24500, "_timestamp": 1707232298.4304028, "rollout/ep_len_mean": 186.72000122070312, "rollout/ep_rew_mean": 186.72000122070312, "time/fps": 1271.0, "train/entropy_loss": -0.3347100615501404, "train/explained_variance": null, "train/learning_rate": 0.000699999975040555, "train/policy_loss": -3.1684237455920083e-09, "train/value_loss": 6.984919587171845e-11, "_runtime": 127.04607367515564, "_step": 48}